<?xml version="1.0" encoding="UTF-8"?>
<beans xmlns="http://www.springframework.org/schema/beans"
	xmlns:xsi="http://www.w3.org/2001/XMLSchema-instance" xmlns:tx="http://www.springframework.org/schema/tx"
	xmlns:context="http://www.springframework.org/schema/context"
	xmlns:mvc="http://www.springframework.org/schema/mvc"
	xsi:schemaLocation="http://www.springframework.org/schema/beans
http://www.springframework.org/schema/beans/spring-beans.xsd
http://www.springframework.org/schema/tx
http://www.springframework.org/schema/tx/spring-tx.xsd
http://www.springframework.org/schema/context
http://www.springframework.org/schema/context/spring-context.xsd
http://www.springframework.org/schema/mvc
http://www.springframework.org/schema/mvc/spring-mvc.xsd"> 
  


	<mvc:annotation-driven/>  

	<context:component-scan base-package="com.social.Oats.*" /> 
	<!-- Data Source Declaration -->
	<bean id="dataSource"
		class="org.springframework.jdbc.datasource.DriverManagerDataSource">
		<property name="driverClassName" value="oracle.jdbc.driver.OracleDriver" />
		<property name="url" value="jdbc:oracle:thin:@localhost:1521:xe" />
		<property name="username" value="oatstables" /> 
		<property name="password" value="password" />
	</bean>


	<!-- Session Factory Declaration -->
	<bean id="sessionFactory"
		class="org.springframework.orm.hibernate4.LocalSessionFactoryBean">
		<property name="dataSource" ref="dataSource" />
		<property name="annotatedClasses">
			    <list>
			    <value>com.social.oats.model.User</value>
				<value>com.social.oats.model.AluminiDetails</value>	
				<value>com.social.oats.model.Blog</value>
				<value>com.social.oats.model.BlogApproved</value>
				<value>com.social.oats.model.Bulletin</value>
				<value>com.social.oats.model.Contact</value>
				<value>com.social.oats.model.EmployeeDetails</value>
				<value>com.social.oats.model.FriendRequest</value>
				<value>com.social.oats.model.Friends</value>
				<value>com.social.oats.model.JobOpenings</value>
				<value>com.social.oats.model.NiitEvents</value>
				<value>com.social.oats.model.Post</value>
				<value>com.social.oats.model.PostApproved</value>
				<value>com.social.oats.model.Role</value>
				<value>com.social.oats.model.StudentDetails</value>
				<value>com.social.oats.model.UserRole</value> 
				</list>
		</property>

		<!-- Setting Hibenate properties -->
		<property name="hibernateProperties">
			<props>
				<prop key="lazy">false</prop>
				<prop key="hibernate.hbm2ddl.auto">update</prop>
				<prop key="hibernate.dialect">org.hibernate.dialect.Oracle10gDialect</prop>
				<prop key="hibernate.format_sql">true</prop>
				<prop key="hibernate.show_sql">true</prop>
			</props>
		</property>
	</bean>
   
   <bean id="UserDaoImpl" class="com.social.oats.daoImpl.UserDaoImpl">
		<property name="sessionFactory" ref="sessionFactory"></property>
	</bean>
   <bean id="AluminiDetailsDaoImpl" class="com.social.oats.daoImpl.AluminiDetailsDaoImpl">
		<property name="sessionFactory" ref="sessionFactory"></property>
	</bean>
	<bean id="BlogDaoImpl" class="com.social.oats.daoImpl.BlogDaoImpl">
		<property name="sessionFactory" ref="sessionFactory"></property>
	</bean>
	<bean id="BlogApprovedDaoImpl" class="com.social.oats.daoImpl.BlogApprovedDaoImpl">
		<property name="sessionFactory" ref="sessionFactory"></property>
	</bean>
	<bean id="BulletinDaoImpl" class="com.social.oats.daoImpl.BulletinDaoImpl">
		<property name="sessionFactory" ref="sessionFactory"></property>
	</bean>
	<bean id="ContactDaoImpl" class="com.social.oats.daoImpl.ContactDaoImpl">
		<property name="sessionFactory" ref="sessionFactory"></property>
	</bean>
	<bean id="EmployeeDetailsDaoImpl" class="com.social.oats.daoImpl.EmployeeDetailsDaoImpl">
		<property name="sessionFactory" ref="sessionFactory"></property>
	</bean>
	<bean id="FriendRequestDaoImpl" class="com.social.oats.daoImpl.FriendRequestDaoImpl">
		<property name="sessionFactory" ref="sessionFactory"></property>
	</bean>
	<bean id="FriendsDaoImpl" class="com.social.oats.daoImpl.FriendsDaoImpl">
		<property name="sessionFactory" ref="sessionFactory"></property>
	</bean>
	<bean id="JobOpeningsDaoImpl" class="com.social.oats.daoImpl.JobOpeningsDaoImpl">
		<property name="sessionFactory" ref="sessionFactory"></property>
	</bean>
	<bean id="NiitEventsDaoImpl" class="com.social.oats.daoImpl.NiitEventsDaoImpl">
		<property name="sessionFactory" ref="sessionFactory"></property>
	</bean>
	<bean id="PostDaoImpl" class="com.social.oats.daoImpl.PostDaoImpl">
		<property name="sessionFactory" ref="sessionFactory"></property>
	</bean>
	<bean id="PostApprovedDaoImpl" class="com.social.oats.daoImpl.PostApprovedDaoImpl">
		<property name="sessionFactory" ref="sessionFactory"></property>
	</bean>
	<bean id="RoleDaoImpl" class="com.social.oats.daoImpl.RoleDaoImpl">
		<property name="sessionFactory" ref="sessionFactory"></property>
	</bean>
	<bean id="StudentDetailsDaoImpl" class="com.social.oats.daoImpl.StudentDetailsDaoImpl">
		<property name="sessionFactory" ref="sessionFactory"></property>
	</bean>
	<!-- <bean id="UserRoleDaoImpl" class="com.social.oats.daoImpl.UserRoleDaoImpl">
		<property name="sessionFactory" ref="sessionFactory"></property>
	</bean> -->
 
 <!-- Enable the configuration of transactional behavior based on annotations -->
	<tx:annotation-driven transaction-manager="txManager" />
	<!-- Transaction Manager is defined -->
	<bean id="txManager"
		class="org.springframework.orm.hibernate4.HibernateTransactionManager">
		<property name="sessionFactory" ref="sessionFactory" />
	</bean>
</beans>